Reading,Time,Method,Channel,Physical port,1310 measured (dBm),1310 reference (dBm),1310 IL (dB),1550 measured (dBm),1550 reference (dBm),1550 IL (dB)
1,2026-09-29 16:16:49.572,Monitoring,3,3,0.0778,-0.15,-0.2278,-1.3191,0.09,1.4091
2,2026-09-29 16:16:52.235,Monitoring,3,3,0.0778,-0.15,-0.2278,-1.3175,0.09,1.4075
3,2026-09-29 16:16:54.460,Monitoring,3,3,0.0772,-0.15,-0.2272,-1.3143,0.09,1.4043
4,2026-09-29 16:16:56.498,Monitoring,3,3,0.0791,-0.15,-0.2291,-1.3135,0.09,1.4035
5,2026-09-29 16:16:58.527,Monitoring,3,3,0.0772,-0.15,-0.2272,-1.3135,0.09,1.4035
6,2026-09-29 16:17:00.549,Monitoring,3,3,0.0785,-0.15,-0.2285,-1.3143,0.09,1.4043
7,2026-09-29 16:17:02.600,Monitoring,3,3,0.0785,-0.15,-0.2285,-1.3159,0.09,1.4059
8,2026-09-29 16:17:04.617,Monitoring,3,3,0.0785,-0.15,-0.2285,-1.3151,0.09,1.4051
9,2026-09-29 16:17:06.652,Monitoring,3,3,0.0785,-0.15,-0.2285,-1.3151,0.09,1.4051
10,2026-09-29 16:17:08.685,Monitoring,3,3,0.0785,-0.15,-0.2285,-1.3135,0.09,1.4035
11,2026-09-29 16:17:10.685,Monitoring,3,3,0.0785,-0.15,-0.2285,-1.3119,0.09,1.4019
12,2026-09-29 16:17:12.729,Monitoring,3,3,0.0785,-0.15,-0.2285,-1.3127,0.09,1.4027
13,2026-09-29 16:17:14.768,Monitoring,3,3,0.0785,-0.15,-0.2285,-1.3135,0.09,1.4035
14,2026-09-29 16:17:16.789,Monitoring,3,3,0.0778,-0.15,-0.2278,-1.3119,0.09,1.4019
15,2026-09-29 16:17:18.818,Monitoring,3,3,0.0772,-0.15,-0.2272,-1.3127,0.09,1.4027
16,2026-09-29 16:17:20.852,Monitoring,3,3,0.0791,-0.15,-0.2291,-1.3119,0.09,1.4019
17,2026-09-29 16:17:22.878,Monitoring,3,3,0.0778,-0.15,-0.2278,-1.3111,0.09,1.4011
18,2026-09-29 16:17:24.901,Monitoring,3,3,0.0798,-0.15,-0.2298,-1.3103,0.09,1.4003
19,2026-09-29 16:17:26.923,Monitoring,3,3,0.0785,-0.15,-0.2285,-1.3103,0.09,1.4003
20,2026-09-29 16:17:28.947,Monitoring,3,3,0.0785,-0.15,-0.2285,-1.3119,0.09,1.4019
21,2026-09-29 16:17:30.979,Monitoring,3,3,0.0778,-0.15,-0.2278,-1.3111,0.09,1.4011
22,2026-09-29 16:17:33.018,Monitoring,3,3,0.0778,-0.15,-0.2278,-1.3103,0.09,1.4003
23,2026-09-29 16:17:35.047,Monitoring,3,3,0.0791,-0.15,-0.2291,-1.3103,0.09,1.4003
24,2026-09-29 16:17:37.092,Monitoring,3,3,0.0778,-0.15,-0.2278,-1.3103,0.09,1.4003
25,2026-09-29 16:17:39.121,Monitoring,3,3,0.0785,-0.15,-0.2285,-1.3095,0.09,1.3995
26,2026-09-29 16:17:41.170,Monitoring,3,3,0.0778,-0.15,-0.2278,-1.3095,0.09,1.3995
27,2026-09-29 16:17:43.197,Monitoring,3,3,0.0778,-0.15,-0.2278,-1.3103,0.09,1.4003
28,2026-09-29 16:17:45.203,Monitoring,3,3,0.0785,-0.15,-0.2285,-1.3103,0.09,1.4003
29,2026-09-29 16:17:47.229,Monitoring,3,3,0.0798,-0.15,-0.2298,-1.3095,0.09,1.3995
30,2026-09-29 16:17:49.253,Monitoring,3,3,0.0798,-0.15,-0.2298,-1.3103,0.09,1.4003
31,2026-09-29 16:17:51.288,Monitoring,3,3,0.0791,-0.15,-0.2291,-1.3111,0.09,1.4011
32,2026-09-29 16:17:53.351,Monitoring,3,3,0.0785,-0.15,-0.2285,-1.3111,0.09,1.4011
33,2026-09-29 16:17:55.376,Monitoring,3,3,0.0791,-0.15,-0.2291,-1.3103,0.09,1.4003
34,2026-09-29 16:17:57.440,Monitoring,3,3,0.0778,-0.15,-0.2278,-1.3095,0.09,1.3995
35,2026-09-29 16:17:59.471,Monitoring,3,3,0.0798,-0.15,-0.2298,-1.3087,0.09,1.3987
36,2026-09-29 16:18:01.485,Monitoring,3,3,0.0804,-0.15,-0.2304,-1.3087,0.09,1.3987
37,2026-09-29 16:18:03.548,Monitoring,3,3,0.0798,-0.15,-0.2298,-1.3095,0.09,1.3995
38,2026-09-29 16:18:05.577,Monitoring,3,3,0.0791,-0.15,-0.2291,-1.3087,0.09,1.3987
39,2026-09-29 16:18:07.613,Monitoring,3,3,0.0791,-0.15,-0.2291,-1.3095,0.09,1.3995
40,2026-09-29 16:18:09.657,Monitoring,3,3,0.0798,-0.15,-0.2298,-1.3087,0.09,1.3987
41,2026-09-29 16:18:11.689,Monitoring,3,3,0.0798,-0.15,-0.2298,-1.3063,0.09,1.3963
42,2026-09-29 16:18:13.734,Monitoring,3,3,0.0785,-0.15,-0.2285,-1.3047,0.09,1.3947
43,2026-09-29 16:18:15.767,Monitoring,3,3,0.0778,-0.15,-0.2278,-1.3071,0.09,1.3971
44,2026-09-29 16:18:17.819,Monitoring,3,3,0.0785,-0.15,-0.2285,-1.3071,0.09,1.3971
45,2026-09-29 16:18:19.859,Monitoring,3,3,0.0785,-0.15,-0.2285,-1.3055,0.09,1.3955
46,2026-09-29 16:18:21.899,Monitoring,3,3,0.0791,-0.15,-0.2291,-1.3047,0.09,1.3947
47,2026-09-29 16:18:23.944,Monitoring,3,3,0.0791,-0.15,-0.2291,-1.3055,0.09,1.3955
48,2026-09-29 16:18:25.991,Monitoring,3,3,0.0791,-0.15,-0.2291,-1.3047,0.09,1.3947
49,2026-09-29 16:18:28.049,Monitoring,3,3,0.0785,-0.15,-0.2285,-1.3063,0.09,1.3963
50,2026-09-29 16:18:30.071,Monitoring,3,3,0.0785,-0.15,-0.2285,-1.3039,0.09,1.3939
51,2026-09-29 16:18:32.132,Monitoring,3,3,0.0791,-0.15,-0.2291,-1.3055,0.09,1.3955
52,2026-09-29 16:18:34.187,Monitoring,3,3,0.0772,-0.15,-0.2272,-1.3047,0.09,1.3947
53,2026-09-29 16:18:36.234,Monitoring,3,3,0.0785,-0.15,-0.2285,-1.3039,0.09,1.3939
54,2026-09-29 16:18:38.254,Monitoring,3,3,0.0778,-0.15,-0.2278,-1.3047,0.09,1.3947
55,2026-09-29 16:18:40.292,Monitoring,3,3,0.0785,-0.15,-0.2285,-1.3039,0.09,1.3939
56,2026-09-29 16:18:42.333,Monitoring,3,3,0.0778,-0.15,-0.2278,-1.3031,0.09,1.3931
57,2026-09-29 16:18:44.362,Monitoring,3,3,0.0785,-0.15,-0.2285,-1.3015,0.09,1.3915
58,2026-09-29 16:18:46.409,Monitoring,3,3,0.0785,-0.15,-0.2285,-1.3015,0.09,1.3915
59,2026-09-29 16:18:48.425,Monitoring,3,3,0.0791,-0.15,-0.2291,-1.3031,0.09,1.3931
60,2026-09-29 16:18:50.480,Monitoring,3,3,0.0785,-0.15,-0.2285,-1.3015,0.09,1.3915
61,2026-09-29 16:18:52.522,Monitoring,3,3,0.0791,-0.15,-0.2291,-1.3031,0.09,1.3931
62,2026-09-29 16:18:54.567,Monitoring,3,3,0.0785,-0.15,-0.2285,-1.3023,0.09,1.3923
63,2026-09-29 16:18:56.612,Monitoring,3,3,0.0772,-0.15,-0.2272,-1.3015,0.09,1.3915
64,2026-09-29 16:18:58.654,Monitoring,3,3,0.0785,-0.15,-0.2285,-1.3015,0.09,1.3915
65,2026-09-29 16:19:00.695,Monitoring,3,3,0.0791,-0.15,-0.2291,-1.3007,0.09,1.3907
66,2026-09-29 16:19:02.730,Monitoring,3,3,0.0791,-0.15,-0.2291,-1.3039,0.09,1.3939
67,2026-09-29 16:19:04.767,Monitoring,3,3,0.0785,-0.15,-0.2285,-1.3023,0.09,1.3923
68,2026-09-29 16:19:06.820,Monitoring,3,3,0.0791,-0.15,-0.2291,-1.3007,0.09,1.3907
69,2026-09-29 16:19:08.868,Monitoring,3,3,0.0785,-0.15,-0.2285,-1.3023,0.09,1.3923
70,2026-09-29 16:19:10.904,Monitoring,3,3,0.0791,-0.15,-0.2291,-1.2984,0.09,1.3884
71,2026-09-29 16:19:12.941,Monitoring,3,3,0.0791,-0.15,-0.2291,-1.3015,0.09,1.3915
72,2026-09-29 16:19:14.978,Monitoring,3,3,0.0791,-0.15,-0.2291,-1.3007,0.09,1.3907
73,2026-09-29 16:19:17.001,Monitoring,3,3,0.0791,-0.15,-0.2291,-1.3023,0.09,1.3923
74,2026-09-29 16:19:19.062,Monitoring,3,3,0.0785,-0.15,-0.2285,-1.2999,0.09,1.3899
75,2026-09-29 16:19:21.107,Monitoring,3,3,0.0785,-0.15,-0.2285,-1.2999,0.09,1.3899
76,2026-09-29 16:19:23.164,Monitoring,3,3,0.0785,-0.15,-0.2285,-1.2984,0.09,1.3884
77,2026-09-29 16:19:25.201,Monitoring,3,3,0.0785,-0.15,-0.2285,-1.2984,0.09,1.3884
78,2026-09-29 16:19:27.253,Monitoring,3,3,0.0798,-0.15,-0.2298,-1.2992,0.09,1.3892
79,2026-09-29 16:19:29.293,Monitoring,3,3,0.0791,-0.15,-0.2291,-1.2984,0.09,1.3884
80,2026-09-29 16:19:31.363,Monitoring,3,3,0.0785,-0.15,-0.2285,-1.2976,0.09,1.3876
81,2026-09-29 16:19:33.388,Monitoring,3,3,0.0791,-0.15,-0.2291,-1.2984,0.09,1.3884
82,2026-09-29 16:19:35.426,Monitoring,3,3,0.0804,-0.15,-0.2304,-1.2968,0.09,1.3868
83,2026-09-29 16:19:37.471,Monitoring,3,3,0.0798,-0.15,-0.2298,-1.2976,0.09,1.3876
84,2026-09-29 16:19:39.521,Monitoring,3,3,0.0791,-0.15,-0.2291,-1.2976,0.09,1.3876
85,2026-09-29 16:19:41.554,Monitoring,3,3,0.0791,-0.15,-0.2291,-1.2999,0.09,1.3899
86,2026-09-29 16:19:43.582,Monitoring,3,3,0.0785,-0.15,-0.2285,-1.2999,0.09,1.3899
87,2026-09-29 16:19:45.644,Monitoring,3,3,0.0785,-0.15,-0.2285,-1.2984,0.09,1.3884
88,2026-09-29 16:19:47.693,Monitoring,3,3,0.0785,-0.15,-0.2285,-1.2984,0.09,1.3884
89,2026-09-29 16:19:49.751,Monitoring,3,3,0.0778,-0.15,-0.2278,-1.2976,0.09,1.3876
90,2026-09-29 16:19:51.805,Monitoring,3,3,0.0778,-0.15,-0.2278,-1.2984,0.09,1.3884
91,2026-09-29 16:19:53.836,Monitoring,3,3,0.0778,-0.15,-0.2278,-1.3015,0.09,1.3915
92,2026-09-29 16:19:55.914,Monitoring,3,3,0.0772,-0.15,-0.2272,-1.2984,0.09,1.3884
93,2026-09-29 16:19:57.962,Monitoring,3,3,0.0785,-0.15,-0.2285,-1.2992,0.09,1.3892
94,2026-09-29 16:20:00.026,Monitoring,3,3,0.0785,-0.15,-0.2285,-1.2999,0.09,1.3899
95,2026-09-29 16:20:02.053,Monitoring,3,3,0.0778,-0.15,-0.2278,-1.2999,0.09,1.3899
96,2026-09-29 16:20:04.119,Monitoring,3,3,0.0791,-0.15,-0.2291,-1.3007,0.09,1.3907
97,2026-09-29 16:20:06.161,Monitoring,3,3,0.0791,-0.15,-0.2291,-1.2992,0.09,1.3892
98,2026-09-29 16:20:08.203,Monitoring,3,3,0.0785,-0.15,-0.2285,-1.2992,0.09,1.3892
99,2026-09-29 16:20:10.266,Monitoring,3,3,0.0772,-0.15,-0.2272,-1.2976,0.09,1.3876
100,2026-09-29 16:20:12.305,Monitoring,3,3,0.0798,-0.15,-0.2298,-1.2984,0.09,1.3884
101,2026-09-29 16:20:14.372,Monitoring,3,3,0.0778,-0.15,-0.2278,-1.2984,0.09,1.3884
102,2026-09-29 16:20:16.424,Monitoring,3,3,0.0785,-0.15,-0.2285,-1.2992,0.09,1.3892
103,2026-09-29 16:20:18.464,Monitoring,3,3,0.0791,-0.15,-0.2291,-1.2984,0.09,1.3884
104,2026-09-29 16:20:20.528,Monitoring,3,3,0.0791,-0.15,-0.2291,-1.2992,0.09,1.3892
105,2026-09-29 16:20:22.593,Monitoring,3,3,0.0791,-0.15,-0.2291,-1.2984,0.09,1.3884
106,2026-09-29 16:20:24.653,Monitoring,3,3,0.0791,-0.15,-0.2291,-1.2984,0.09,1.3884
107,2026-09-29 16:20:26.716,Monitoring,3,3,0.0785,-0.15,-0.2285,-1.2984,0.09,1.3884
108,2026-09-29 16:20:28.773,Monitoring,3,3,0.0785,-0.15,-0.2285,-1.2984,0.09,1.3884
109,2026-09-29 16:20:30.824,Monitoring,3,3,0.0778,-0.15,-0.2278,-1.2976,0.09,1.3876
110,2026-09-29 16:20:32.891,Monitoring,3,3,0.0772,-0.15,-0.2272,-1.2992,0.09,1.3892
111,2026-09-29 16:20:34.954,Monitoring,3,3,0.0785,-0.15,-0.2285,-1.2984,0.09,1.3884
112,2026-09-29 16:20:37.018,Monitoring,3,3,0.0778,-0.15,-0.2278,-1.2976,0.09,1.3876
113,2026-09-29 16:20:39.065,Monitoring,3,3,0.0785,-0.15,-0.2285,-1.2968,0.09,1.3868
114,2026-09-29 16:20:41.111,Monitoring,3,3,0.0785,-0.15,-0.2285,-1.2968,0.09,1.3868
115,2026-09-29 16:20:43.154,Monitoring,3,3,0.0772,-0.15,-0.2272,-1.2984,0.09,1.3884
116,2026-09-29 16:20:45.218,Monitoring,3,3,0.0778,-0.15,-0.2278,-1.2976,0.09,1.3876
117,2026-09-29 16:20:47.274,Monitoring,3,3,0.0778,-0.15,-0.2278,-1.2984,0.09,1.3884
118,2026-09-29 16:20:49.330,Monitoring,3,3,0.0778,-0.15,-0.2278,-1.2960,0.09,1.3860
119,2026-09-29 16:20:51.412,Monitoring,3,3,0.0778,-0.15,-0.2278,-1.2976,0.09,1.3876
120,2026-09-29 16:20:53.440,Monitoring,3,3,0.0785,-0.15,-0.2285,-1.2976,0.09,1.3876
121,2026-09-29 16:20:55.503,Monitoring,3,3,0.0778,-0.15,-0.2278,-1.2968,0.09,1.3868
122,2026-09-29 16:20:57.570,Monitoring,3,3,0.0778,-0.15,-0.2278,-1.2976,0.09,1.3876
123,2026-09-29 16:20:59.617,Monitoring,3,3,0.0791,-0.15,-0.2291,-1.2968,0.09,1.3868
124,2026-09-29 16:21:01.694,Monitoring,3,3,0.0785,-0.15,-0.2285,-1.2976,0.09,1.3876
125,2026-09-29 16:21:03.744,Monitoring,3,3,0.0785,-0.15,-0.2285,-1.2976,0.09,1.3876
126,2026-09-29 16:21:05.791,Monitoring,3,3,0.0791,-0.15,-0.2291,-1.2984,0.09,1.3884
127,2026-09-29 16:21:07.859,Monitoring,3,3,0.0798,-0.15,-0.2298,-1.2984,0.09,1.3884
128,2026-09-29 16:21:09.916,Monitoring,3,3,0.0785,-0.15,-0.2285,-1.2976,0.09,1.3876
129,2026-09-29 16:21:11.958,Monitoring,3,3,0.0804,-0.15,-0.2304,-1.2968,0.09,1.3868
130,2026-09-29 16:21:14.022,Monitoring,3,3,0.0804,-0.15,-0.2304,-1.2976,0.09,1.3876
131,2026-09-29 16:21:16.067,Monitoring,3,3,0.0791,-0.15,-0.2291,-1.2976,0.09,1.3876
132,2026-09-29 16:21:18.138,Monitoring,3,3,0.0798,-0.15,-0.2298,-1.2976,0.09,1.3876
133,2026-09-29 16:21:20.195,Monitoring,3,3,0.0798,-0.15,-0.2298,-1.2952,0.09,1.3852
134,2026-09-29 16:21:22.239,Monitoring,3,3,0.0804,-0.15,-0.2304,-1.2952,0.09,1.3852
135,2026-09-29 16:21:24.289,Monitoring,3,3,0.0798,-0.15,-0.2298,-1.2952,0.09,1.3852
136,2026-09-29 16:21:26.323,Monitoring,3,3,0.0785,-0.15,-0.2285,-1.2960,0.09,1.3860
137,2026-09-29 16:21:28.374,Monitoring,3,3,0.0785,-0.15,-0.2285,-1.2976,0.09,1.3876
138,2026-09-29 16:21:30.452,Monitoring,3,3,0.0785,-0.15,-0.2285,-1.2976,0.09,1.3876
139,2026-09-29 16:21:32.534,Monitoring,3,3,0.0785,-0.15,-0.2285,-1.2960,0.09,1.3860
140,2026-09-29 16:21:34.601,Monitoring,3,3,0.0785,-0.15,-0.2285,-1.2944,0.09,1.3844
141,2026-09-29 16:21:36.653,Monitoring,3,3,0.0791,-0.15,-0.2291,-1.2960,0.09,1.3860
142,2026-09-29 16:21:38.711,Monitoring,3,3,0.0798,-0.15,-0.2298,-1.2952,0.09,1.3852
143,2026-09-29 16:21:40.792,Monitoring,3,3,0.0785,-0.15,-0.2285,-1.2952,0.09,1.3852
144,2026-09-29 16:21:42.843,Monitoring,3,3,0.0785,-0.15,-0.2285,-1.2960,0.09,1.3860
145,2026-09-29 16:21:44.895,Monitoring,3,3,0.0785,-0.15,-0.2285,-1.2968,0.09,1.3868
146,2026-09-29 16:21:46.951,Monitoring,3,3,0.0798,-0.15,-0.2298,-1.2952,0.09,1.3852
147,2026-09-29 16:21:49.008,Monitoring,3,3,0.0785,-0.15,-0.2285,-1.2952,0.09,1.3852
148,2026-09-29 16:21:51.033,Monitoring,3,3,0.0791,-0.15,-0.2291,-1.2944,0.09,1.3844
149,2026-09-29 16:21:53.096,Monitoring,3,3,0.0778,-0.15,-0.2278,-1.2944,0.09,1.3844
150,2026-09-29 16:21:55.173,Monitoring,3,3,0.0791,-0.15,-0.2291,-1.2944,0.09,1.3844
151,2026-09-29 16:21:57.207,Monitoring,3,3,0.0791,-0.15,-0.2291,-1.2936,0.09,1.3836
152,2026-09-29 16:21:59.283,Monitoring,3,3,0.0798,-0.15,-0.2298,-1.2952,0.09,1.3852
153,2026-09-29 16:22:01.315,Monitoring,3,3,0.0791,-0.15,-0.2291,-1.2960,0.09,1.3860
154,2026-09-29 16:22:03.362,Monitoring,3,3,0.0791,-0.15,-0.2291,-1.2952,0.09,1.3852
155,2026-09-29 16:22:05.432,Monitoring,3,3,0.0785,-0.15,-0.2285,-1.2960,0.09,1.3860
156,2026-09-29 16:22:07.515,Monitoring,3,3,0.0791,-0.15,-0.2291,-1.2960,0.09,1.3860
157,2026-09-29 16:22:09.587,Monitoring,3,3,0.0791,-0.15,-0.2291,-1.2952,0.09,1.3852
158,2026-09-29 16:22:11.644,Monitoring,3,3,0.0798,-0.15,-0.2298,-1.2944,0.09,1.3844
159,2026-09-29 16:22:13.687,Monitoring,3,3,0.0791,-0.15,-0.2291,-1.2944,0.09,1.3844
160,2026-09-29 16:22:15.767,Monitoring,3,3,0.0791,-0.15,-0.2291,-1.2944,0.09,1.3844
161,2026-09-29 16:22:17.817,Monitoring,3,3,0.0791,-0.15,-0.2291,-1.2944,0.09,1.3844
162,2026-09-29 16:22:19.882,Monitoring,3,3,0.0798,-0.15,-0.2298,-1.2952,0.09,1.3852
163,2026-09-29 16:22:21.986,Monitoring,3,3,0.0785,-0.15,-0.2285,-1.2944,0.09,1.3844
164,2026-09-29 16:22:24.184,Monitoring,3,3,0.0798,-0.15,-0.2298,-1.2936,0.09,1.3836
165,2026-09-29 16:22:26.224,Monitoring,3,3,0.0785,-0.15,-0.2285,-1.2944,0.09,1.3844
166,2026-09-29 16:22:28.288,Monitoring,3,3,0.0785,-0.15,-0.2285,-1.2928,0.09,1.3828
