channel,1310 IL,1550 IL,,Metadata,Value
1,0.9556,1.3854,,Main board serial,18825
2,0.9228,1.7279,,Switch serial (last 5 digits),45415
3,0.7385,1.9831,,Swapped ports,None detected in tested channels
4,0.7130,1.2682,,Operating band,O band
5,0.5893,1.0601,,,
6,0.8614,1.2577,,,
7,0.6966,1.7087,,,
8,0.5684,2.1270,,,
9,0.6789,1.0938,,,
10,0.8430,1.5915,,,
11,0.9455,1.1191,,,
12,0.8144,1.3165,,,
13,0.7124,0.6092,,,
14,0.4129,1.3218,,,
15,0.6426,1.8592,,,
16,1.6319,1.5553,,,
17,1.1503,1.9857,,,
18,0.5451,1.4797,,,
19,0.9129,1.9566,,,
20,1.0354,2.3188,,,
21,0.8040,1.3939,,,
22,0.7519,2.0689,,,
23,1.3117,2.3159,,,
24,0.5899,1.5665,,,
25,0.7519,1.7951,,,
26,1.0225,1.6905,,,
27,1.3081,1.3416,,,
28,0.4924,0.7909,,,
29,0.8745,1.3623,,,
30,0.8287,0.8841,,,
31,1.0952,1.1989,,,
32,0.7724,1.6616,,,
33,1.0759,1.3800,,,
34,0.9556,2.0267,,,
35,0.5543,0.8703,,,
36,1.1405,2.3207,,,
37,0.7576,1.8241,,,
38,0.6922,1.8514,,,
39,0.4552,0.6879,,,
40,1.1091,2.1225,,,
41,0.6545,0.5141,,,
42,0.9926,1.5098,,,
43,0.8970,2.4292,,,
44,0.9838,1.9857,,,
45,0.6320,0.8478,,,
46,0.9811,2.2214,,,
47,0.5598,1.9487,,,
48,0.9818,2.6176,,,
