channel,1310 IL,1550 IL
5,1.9959,1.3855
6,1.7155,1.3816
7,1.8136,1.3608
8,1.4988,1.4795
9,2.0540,1.6887
10,1.6078,1.6178
11,2.2187,1.5280
12,2.1664,1.3770
13,1.9607,1.4221
14,1.2588,1.4026
15,1.3671,1.3677
16,1.3515,1.8169
17,1.3005,1.9790
18,1.8177,2.0952
19,1.5335,1.5950
20,1.3843,2.0147
21,1.6946,1.4065
22,2.0671,1.4945
23,1.2248,1.6097
24,1.3910,1.0609
25,1.7790,1.9942
26,1.2858,1.1738
27,1.5289,1.2370
28,1.3671,1.3431
29,0.9731,1.6342
30,0.9426,1.6854
31,1.4287,1.4080
32,1.8468,1.4629
33,0.8055,1.4424
34,1.1073,2.1586
35,1.7504,1.1819
36,0.8516,1.6375
37,1.6978,1.4708
38,1.1924,0.9180
39,1.5305,1.1893
40,1.7058,1.3692
41,0.8225,1.6630
42,0.9069,1.6121
43,1.0252,1.5137
44,1.4038,1.6763
45,0.8722,1.6589
46,1.3820,1.5208
47,1.6339,1.6655
48,1.2895,1.6812
